;UT;centerDistanceXf0;avgXSpeedf0;avgYSpeedf0;avgPressuref0;xMedianSpeedOfLast5Pointsf0;yMedianSpeedOfLast5Pointsf0;durationf0;avgAccelerationf0;avgRotationf0;avgMagneticFieldf0;centerDistanceXf1;avgXSpeedf1;avgYSpeedf1;avgPressuref1;xMedianSpeedOfLast5Pointsf1;yMedianSpeedOfLast5Pointsf1;durationf1;avgAccelerationf1;avgRotationf1;avgMagneticFieldf1
0;UT3;334.1453248483792;-0.03278027444995264;0.03978253108114736;0.18035131988541667;-0.146707314767;0.08969674799999999;789000;7.840052621888592;0.03147824625277412;32.79698385467005;455.8356056518428;-0.03347869378199463;0.04066069483945162;0.1826032670106383;-0.146707314767;0.08969674799999999;761000;7.834948025118227;0.030062055773150277;32.789570771195024
1;UT3;464.83319070749553;-0.023268761532624405;0.032384647110822964;0.14638656415714285;-0.013750562600000002;0.0077846318;979000;7.837510042508114;0.027961282205880626;32.84556446239626;317.9830386460064;-0.023721023233895126;0.0330246832579122;0.14787741305825244;-0.013750562600000002;0.0077846318;931000;7.83458570499155;0.027329144398931877;32.844068062673
2;UT3;496.62005352064506;-0.020098037903231097;0.017398914206789632;0.1376054409329609;0.0374441316498;-0.026289133400000005;258000;7.835233464000582;0.025761988699297002;32.982048038410625;374.79872824364827;-0.020557702389924073;0.017802524909839256;0.138935582;0.0670165743568;-0.0411001206;212000;7.832802965958143;0.024489032445264017;32.9795117460599
3;UT3;541.4770037761626;-0.02351332008287114;0.017537138547341357;0.14017591416460906;0.010686413830000002;-0.0492575485388;70000;7.83742402426265;0.02461557867316698;32.99347675930396;426.3645204314984;-0.024007499380700008;0.017909337629658018;0.14150602266806722;0.010686413830000002;-0.0492575485388;43000;7.8352109482801495;0.02348480039662378;32.99115335336409
4;UT3;693.798927624378;1.3507203399999995e-05;4.9652401399999995e-05;0.151633995;1.3507203399999995e-05;4.9652401399999995e-05;57000;7.874134177987139;0.1128814143807771;50.25008874396472;382.10486409748614;-0.0005659479943053076;0.044222571835999994;0.17708979261403512;2.7165553999999983e-06;0.0430592510326;923000;7.655159471707916;0.12453977894077706;50.30567146962666
5;UT3;371.4108471221863;0.006850263046097023;0.03209220857805224;0.14611475277037034;-0.0093266564614;0.014587054799999999;114000;7.668406206228688;0.0685689852565592;50.44994800020708;572.770627824577;0.003572925409278243;0.038900889711192474;0.16117648069166668;-0.0199208648074;0.0329787408;54000;7.6635731799675675;0.09235926931106175;50.38713740142221
6;UT3;457.5465778134407;0.013735515745334523;0.008993996330654765;0.1588467912332016;6.05567e-06;0.006538361134999999;41000;7.648645426861177;0.06171036444717224;50.42919834134321;508.4744123124584;0.009679364105868376;0.02069345068646154;0.16655526932954545;1.708869406e-05;0.0065376148694000005;939000;7.6546164384528055;0.07791002918306492;50.38946601598755
7;UT3;566.1932575439239;0.003224568264638652;0.020435082042318916;0.15600656527762802;0.0671674136874;-0.08379771117200001;34000;7.650123030099316;0.05765293737075286;50.404996200535116;460.8944869743069;0.002407669704161617;0.026775894395055434;0.1623779837021277;0.0671674136874;-0.08379771117200001;25000;7.655365608766498;0.07025321463801455;50.37873478764414
8;UT3;342.9355214979196;-0.01078843767808824;0.03125016713135294;0.1853442211678832;-0.01263773735;0.00302984807;158000;7.68769458394554;0.07947703468697677;45.30854595882962;454.3347434113529;-0.011031650579293237;0.03195537333993984;0.18738660712686567;-0.0126245140958;0.0030474052254;102000;7.691411304338828;0.07751641486137036;45.3147094741791
9;UT3;320.2331296102927;0.003272456801327451;0.02422481303688039;0.17827819674609374;0.024346662299000003;0.00544813839;996000;7.682903922380477;0.07351330399154277;45.34707214083299;501.1673323178153;0.0028625752671184728;0.024790146798202805;0.180580402792;-2.05320534e-05;0.0039965496964000004;962000;7.684423293604634;0.07174827903226551;45.35022904973321
10;UT3;365.48180457470505;0.006081278302262669;0.026664148079805175;0.1771845798369565;0.012892005920799999;0.016658205022;936000;7.6812965207578054;0.07218697877608865;45.388814552463394;461.0736553667185;0.005743846501683564;0.027059973564447077;0.1792592697611111;0.0032841841467999996;0.003380902798;904000;7.6853803690307885;0.06998000707626092;45.390636011780245
11;UT3;536.1305651504116;0.008249861720524125;0.021765087830629377;0.17532077970097085;0.1937209754;-0.035190918676;230000;7.679297752092695;0.06826971390537834;45.40211595067314;404.8915490760705;0.00806067461687802;0.022011966949092077;0.17671860328063244;0.1937209754;-0.035190918676;206000;7.6839431257527115;0.066472009641501;45.40612960542002
12;UT3;480.40146706346565;0.05982981140704652;0.06402488217539534;0.18533937732307695;0.071256566711;0.01449336288;88000;7.6960834287152755;0.0840006099111405;28.020033075706912;430.123330915634;0.060772524733929134;0.0650331480364252;0.18710172659375002;0.0712603526184;0.014478219249999999;57000;7.701171917229803;0.08078208286017373;28.0250591084252
13;UT3;691.610919215987;0.0580278542722015;0.052008217684671634;0.18364561725185188;0.0115373601932;-0.258021726176;69000;7.691219890406141;0.0845199216679028;28.028440041981806;452.5211437272958;0.060155462025682824;0.06616473266953304;0.18434813587280702;0.034071013727;0.0396546862;830000;7.704783090742362;0.07001981215645249;28.17469493174852
14;UT3;688.3690507969688;0.05675782369497081;0.050869349951722626;0.1830065467898551;0.011463093469199999;-0.261478945272;48000;7.690981307758207;0.08532115658279818;28.031521447347934;535.5076518139825;0.06543310420893908;0.052972414721341544;0.18523999585889572;0.11759892999999999;0.17969366400000003;804000;7.703413407630238;0.07396234435462025;28.11466800794577
15;UT3;465.9720207040109;0.03935297673168456;0.04146403507485907;0.19554070216722408;-0.003879068217;0.08623578771399999;377000;7.693385522054013;0.06647020850198268;28.14023517111772;586.0832380086999;0.05199389837335299;0.0466046767708866;0.1921165279238683;-0.003879068217;0.08623578771399999;330000;7.700699936379612;0.06571016532730385;28.152412502415597
16;UT3;412.62858459298786;0.02319330313082691;0.020363108297711544;0.20866481400000003;-0.10495880685999999;-0.104703994;876000;7.810476948285675;0.18826180085404942;40.60388696726711;426.2923643667688;0.0234184808311262;0.02056080837827186;0.20920061817307695;-0.10495880685999999;-0.104703994;850000;7.815820196765166;0.17848749239922226;40.606085901699004
17;UT3;493.93776896256236;0.024325523746439322;0.036247924444778236;0.19906863983333334;0.141027195;0.028424310200000004;161000;7.789897272273467;0.13292874290821266;40.52500652894404;506.5595833212319;0.02340316259331489;0.037210948775625544;0.20083085334745762;0.08306941999999999;0.057615675;125000;7.795055601850134;0.12407469584680939;40.51822809078451
18;UT3;523.4921511665246;0.02917070507151624;0.025334131748857548;0.19210117064204546;0.3034681318;-0.011926144400000002;973000;7.77929717944787;0.11018507330534852;40.505359514736234;495.32682554863675;0.028695978681542597;0.02591980217628696;0.19360762856647395;0.38128905799999996;-0.038841523;941000;7.785334598719637;0.10247173061245761;40.499852248401076
19;UT3;537.8864714518423;0.028017582692357455;0.022110872825188768;0.18676691601569506;0.016231352594719996;0.0036527963999999995;803000;7.775657059799879;0.10926649523185498;40.53471634913171;465.41658700364445;0.027755528328533337;0.022630182869974834;0.1882263528105023;0.016231352594719996;0.0036527963999999995;779000;7.7822568048296885;0.1012200312486025;40.530755380434584
20;UT3;408.045795898259;0.01449302815605797;0.04971326120553623;0.22488363431654673;-0.0026929713199999998;0.0488338455876;190000;7.743826652041212;0.06943452285572747;42.17985612187548;588.068009624142;0.014815551795044441;0.05082069200842222;0.22427913522058823;-0.0026929713199999998;0.0488338455876;120000;7.7530024887965725;0.06833531943206454;42.17476790377837
21;UT3;327.20055116349437;0.020064223803345986;0.025523803548286914;0.21235789607563024;0.013270366579999998;0.034182558078;859000;7.753064572767509;0.06176741368621718;42.07346615468892;481.91131981278465;0.020408938404240344;0.02596353998161802;0.2119825825897436;0.013270366579999998;0.034182558078;830000;7.759160151303847;0.05903740525793298;42.07279589435749
22;UT3;518.3787580787816;0.009094382013656675;0.031177775833550407;0.20452899666304347;0.0493465989012;0.0821681094;110000;7.742280858824438;0.05863294146274104;42.09360510915722;342.94164989017537;0.00924570583326039;0.03169697259192798;0.20457156356906078;0.0493465989012;0.0821681094;67000;7.7499177317395995;0.056129042841614914;42.09819002274103
23;UT3;552.0104953059868;0.0052298642645628;0.03194934674661693;0.20363752284507042;0.023712328304000004;0.025907173358000003;84000;7.742705302441102;0.06284408219397386;42.061210345897855;373.38650424953767;0.005304855382450205;0.032407442456226995;0.20380153215102043;0.023712328304000004;0.025907173358000003;57000;7.749315182648877;0.06065643650923715;42.066339535022706
24;UT1;221.8525482005641;0.12811963846058333;0.13872263965473072;0.12340531948101269;-0.21919876;-0.035311391001;687000;7.834871187856834;0.1928891155848192;39.880990360296124;452.81646987859165;0.14724529789735336;0.14594959117353332;0.12585140136842105;-0.066841262;-0.0085210381102;638000;7.854492682060638;0.17120020821615986;39.891571678837074
25;UT1;380.47735135864536;0.1517810053465464;0.10929301999092143;0.11558893874468086;-0.2961522002;-0.12823901958;536000;7.816405424255738;0.1740691639681334;39.9472106029617;505.46510132630317;0.1640536709082143;0.12165348382898496;0.11817384502985073;-0.10912926279999999;-0.03361988910000001;482000;7.83228594771298;0.15461248071707387;39.96826071191451
26;UT1;322.59968152648025;0.15312771280224885;0.09227396319732559;0.11445171452314813;-0.24296016875999998;-0.048348086725999995;622000;7.797697275313389;0.1749137529621103;39.94336222304248;450.64191229753544;0.1617983368828961;0.10008595477271016;0.116006795375;-0.24296016875999998;-0.048348086725999995;601000;7.808949512557904;0.16075327997122374;39.95654054940649
27;UT1;478.7866549241009;0.13364445808182823;0.09605165844257141;0.11989365965084749;-0.2718601915188;-0.0006406844059999993;670000;7.786024179131568;0.16743772603263424;39.919977306887375;211.77663280377507;0.13986409880117018;0.10216869520225262;0.12123955212587413;-0.2718601915188;-0.0006406844059999993;647000;7.791925748354832;0.1552842730606996;39.9260581042465
28;UT1;317.999536083215;0.00032700380575735306;0.016487972144338028;0.14496092798601398;0.006901386662000001;0.007249462127999999;236000;7.702044390672131;0.05404162437829888;46.32003431312214;391.79525756140794;0.0027864061420258693;0.022397025110846715;0.14685991001449275;0.0227742699134;0.016012282901999998;159000;7.71631332100456;0.04205871205710252;46.332475384440656
29;UT1;445.0590198618107;0.029352316524920697;0.015850205382307702;0.1334167778638298;-0.0017058896526;0.0117581454782;756000;7.710330509143191;0.05338826824930769;46.42406623151485;437.0003307018658;0.03201776228019975;0.019715025313333336;0.1348082666061947;-0.0034112913869999996;0.015073237871000001;700000;7.721258922751934;0.041116312282414816;46.43651690094899
30;UT1;372.941449738936;0.033887736814651244;0.01964671270290001;0.12918979636163522;-0.07411413959999999;-0.028257118600000002;692000;7.7044512320421985;0.05147167551824175;46.40449249667719;442.8317403087132;0.03608458311549819;0.022654529520714343;0.13015024924675325;-0.07411413959999999;-0.028257118600000002;666000;7.7150176687170005;0.04237136180328494;46.41455162513878
31;UT1;407.2682811970281;0.04408760879710621;0.018557382261086205;0.12505644083069978;0.057403558428000004;-0.0045207002;61000;7.703917426079218;0.04915295257104798;46.33215000152476;515.601898316727;0.045991363189175044;0.020717623191276336;0.1256989907939815;0.057403558428000004;-0.0045207002;34000;7.711164327684483;0.04209018045624859;46.33802442716637
32;UT1;406.0523237255021;0.12350047058563769;0.008683084492594194;0.09154062227142859;0.0040261245032;-0.0178402887512;592000;7.7042809397552965;0.09597034439065791;39.87291185200904;422.8497857184393;0.13526609321188893;0.011490987369984119;0.0955882415625;0.012119677762;0.0136669602808;517000;7.718443966311261;0.07286926523242296;39.834342047777454
33;UT1;408.5705008841774;0.08299810458405399;0.00018533364538027904;0.09758109426168224;2.9058560400000004e-05;0.0048432636;188000;7.694363221599388;0.07034627126777995;39.790561267566474;286.02066466863005;0.08708887159913055;0.0008113396716551654;0.1001153461519608;4.60025364e-05;0.00718627546;148000;7.709851695687143;0.05977026777878957;39.77078769419967
34;UT1;399.89942237621756;0.09911386155139809;0.004022134788570065;0.09640834739365078;0.009352212184000001;0.030225463300599997;864000;7.701422134696474;0.06833901840954702;39.86747434376136;508.40971981453356;0.1031732829746146;0.004611851229325579;0.09845475255629138;0.005557231980000002;0.0331876187238;816000;7.717295164776083;0.059309423177137686;39.85685813976527
35;UT1;331.92714926831894;0.09324878549095338;-0.000304051283590674;0.09473578205684753;-0.19678057059999998;-0.125831918;622000;7.705330820550026;0.06556506285345683;39.89250012944085;487.2108186857282;0.0998094260228692;0.0019183510139782025;0.09687767094836956;-0.0599700914;0.005032135600000004;525000;7.720149273206689;0.05738892335895356;39.87780517740857
36;UT1;359.9396073406387;0.01650511945608334;0.017447682967142848;0.11344868018823528;-0.40642807599999997;-0.283061448;765000;7.803503334017865;0.13286294473863433;41.97989639163675;436.1407347410007;0.038518196376468375;0.033372912203037966;0.1154902029;-0.05091788799999999;-0.059802345300000004;677000;7.829959906089325;0.12157278533286145;41.97056462237637
37;UT1;443.1131822803064;0.0523822691216387;0.008589921452387093;0.11354952896153844;-0.252141886;-0.1230838752;591000;7.790875455794524;0.13314796868019566;41.82766959146104;463.4627773725307;0.07480913634887075;0.020177771019863944;0.11483837448648647;-0.06999789479999999;-0.06964100520000001;554000;7.814304659120653;0.11655752804895021;41.812603129781294
38;UT1;408.1617604212948;0.07052419463985572;0.01935505213410959;0.11010695753181818;0.05282627922340001;-0.0233769532;545000;7.778150318616719;0.12917809114427034;41.73458708969239;504.3586256430636;0.08766741605530337;0.028102636039090908;0.11112979096666667;0.052855712317399994;-0.0319220552;509000;7.8017845877810865;0.1148331786705801;41.72056199114797
39;UT1;341.77937879083635;0.0820326332351315;0.03758605393514469;0.11084716490705127;-0.064055478;-0.0013666267999999982;796000;7.761990212798416;0.11930254101341463;41.5624141435872;587.3739542941895;0.09558868776281448;0.04486180905262625;0.11184366916778521;-0.12190143760000001;-0.010372032599999999;731000;7.781816447090005;0.10503609448011;41.55366365949141
40;UT1;310.22663908060827;0.01995933259880072;0.044021384885644936;0.1284807521798561;-0.064780635941;-0.035701792342;206000;7.64069031876281;0.07450476725711654;39.038961701052024;407.5353168332685;0.0251428762212559;0.05446084596318898;0.12616422296875;0.038031089955200006;0.037476700858;64000;7.6524168704582705;0.06633587717925932;39.076367331105764
41;UT1;375.6740613751256;0.06027676299159954;0.027973714418328702;0.12100841100921658;0.049090183115;0.0340550785656;662000;7.650270734972462;0.07498146021710125;39.10830849113378;372.86547685343567;0.06727091576175373;0.0342481169585174;0.12040381279702972;0.0798741431902;0.040327857934;614000;7.670560272300909;0.06706960916505945;39.134297329981806
42;UT1;335.3981500582906;0.06600407655040721;0.04282616420823024;0.12394575016438354;-0.212090896;0.01051622552;634000;7.655177893097049;0.078477692218662;39.129746746695126;432.67728217326123;0.0716685801385291;0.048378047195992716;0.12377096515942028;-0.212090896;0.01051622552;611000;7.677045998652802;0.07142927338155607;39.15122835957636
43;UT1;333.64011150778913;0.07844586991459812;0.05748181477443817;0.1219996919839142;0.06341968829200001;0.0365568052208;670000;7.651960693521054;0.07488737001710037;39.19998189991671;478.18764943402704;0.08425526313379461;0.06291458595990368;0.1220228278559322;0.088454335092;0.044186951020799996;639000;7.672459602865439;0.06817199298788607;39.21865886633622
44;UT1;307.5862023367069;0.02979131572284615;0.008316157435876924;0.11869481270992366;-0.2708096098;-0.1287895712;100000;7.718653309339031;0.08791896313594946;41.072201483194284;457.8491181263649;0.0403856852436;0.013620746791168;0.12001245611111112;-0.0737524252;-0.022596520800000006;34000;7.738306881385063;0.0807374486207991;41.07973589361572
45;UT1;376.58525349930807;0.06730587209390598;0.03497780921024359;0.10843555017446808;-0.0617603342;-0.10907739759999999;898000;7.70878144739631;0.07590446089062686;41.14530763488581;625.8788159177941;0.07705769778130667;0.04167904079430666;0.1098212795221239;0.0377930858;0.0134312764;843000;7.727546106656956;0.06796723751782367;41.15229982535045
46;UT1;493.9255275761014;0.08069695326081158;0.03927056011396521;0.10265216442485547;0.009951164600000001;-0.031902838399999994;931000;7.708619897564623;0.06727770181423375;41.15559307459547;621.2274072460041;0.08784733374865672;0.04400394048608955;0.10352474860714284;0.009951164600000001;-0.031902838399999994;904000;7.723142870374437;0.060745433329171865;41.16314965824388
47;UT1;643.29439134059;0.08548539574045128;0.042402579087377115;0.10026945782663847;-0.036733404000000004;-0.054246349000000006;70000;7.701843714273087;0.06644628806115567;41.102028380515165;454.15546270256397;0.0920436045420066;0.0464694513992967;0.1012383956118421;-0.0902945438;-0.14258377800000002;994000;7.719517838692374;0.05766811017296683;41.11199807828728
48;UT2;438.8514082943337;-0.002251217769026931;0.07170136568115386;0.16440992428301884;-0.02015061651;0.0111423241;457000;7.788373164373512;0.09260782031591543;42.97890063626596;387.37852172948476;-0.0022949774894588304;0.07310727481215687;0.16455506225;-0.02015061651;0.0111423241;434000;7.786912871473245;0.08604153864405448;42.975467990738984
49;UT2;402.16180041344006;-0.052126007350839186;0.05601991259139175;0.15394158480612247;-0.09923032379999999;-0.03235041792;410000;7.790283457951288;0.08997178842776463;42.88539556887549;374.2102878115908;-0.05646085084950968;0.059691969412526885;0.1547768125957447;-0.1329085474;-0.026525131520000002;345000;7.792440973431063;0.08370970643658604;42.89018556612975
50;UT2;372.1047957982144;-0.06507620711322921;0.0601347697789562;0.1499289649347826;-0.055947752235999994;-0.015719157;356000;7.783020430052565;0.08805456220570193;42.974314889819134;356.9786027642127;-0.06954434430965954;0.0637818356148626;0.15047534957575756;-0.055947752235999994;-0.015719157;313000;7.78393516361561;0.0830822774558128;42.97329171814102
51;UT2;405.23163788286934;-0.05479828065978227;0.06343472406987634;0.1494390347379679;-0.07643017059999999;-0.002591404800000001;409000;7.775279155304029;0.086693091750701;43.13713658271918;363.61706027386236;-0.05980368461453389;0.0670586307052373;0.15104649392696629;-0.1376172478;-0.0126588696;388000;7.772992799728055;0.08104968071680546;43.13724056333472
52;UT2;454.3093524136209;-0.06673630431262263;0.07706762263449056;0.15439361462962964;-0.05674444154;-0.013356448940000001;472000;7.750691737235323;0.10967795919557359;43.239377224202;465.279290517964;-0.0721869166635714;0.08336192083146936;0.155921574;-0.05674444154;-0.013356448940000001;396000;7.758031879350939;0.10146319497823675;43.204088030486695
53;UT2;394.8681988571928;-0.08696236507464865;0.03199153177349549;0.15672269476785713;0.0008212520000000001;-0.016471168600000002;492000;7.737934052815618;0.09075413072480987;43.66343804348671;377.91512459314197;-0.09371738390526212;0.034474693480893194;0.159577683;-0.0078774704;-0.028407307599999997;432000;7.76371765986073;0.0848392051491916;43.660227759694465
54;UT2;413.2472657102525;-0.07105147149459136;0.031585467789125;0.16074679366985642;-0.0393961294;-0.00642494446;818000;7.76111612985868;0.08158489597576117;43.67483917861192;364.26026124189013;-0.07509439160320304;0.03335247115381725;0.16230937522727273;-0.0393961294;-0.00642494446;775000;7.776905738665168;0.07726018741266803;43.68138920168232
55;UT2;351.4236315820147;-0.06841148734542106;0.03920214954940413;0.1624440113483146;-0.023800542;0.009954882359999999;495000;7.763604945217438;0.08406248278672743;43.695371701331744;392.1897169863076;-0.07142095964250195;0.040895809009041176;0.16372549784375;-0.023800542;0.009954882359999999;474000;7.77761938083985;0.07929582424879955;43.70165048661111
56;UT2;372.24658276068243;-0.04652251032707777;0.03302427829861667;0.17767723587912085;-0.04301362108;0.0047598516266;765000;7.737373566879518;0.07761830939237628;42.461600268848315;347.48223617332224;-0.048126460496885064;0.03416757582416093;0.1782976940340909;-0.04301362108;0.0047598516266;718000;7.75005951179528;0.07502088157308677;42.46811660481404
57;UT2;392.2514110266144;-0.050741751624511035;0.03436939960214691;0.1769733645897436;-0.01370536474;0.006623682989999999;875000;7.7224579359783645;0.06840450878950048;42.4989114441983;341.9699338096916;-0.052084268316466356;0.03527965355123281;0.1771723538684211;-0.01370536474;0.006623682989999999;842000;7.737666795884561;0.06571565551885716;42.506238640178886
58;UT2;342.01857547741116;-0.05410067207852356;0.03204072016277969;0.18000123232087228;0.001973350651;-0.007250989522;61000;7.710298950245467;0.05933152320512858;42.460053613579504;380.87279081723545;-0.05566660532554515;0.032969411247286175;0.18078181072115385;0.0008528876510000002;-0.013955205451599997;15000;7.731449928307611;0.056317790145011745;42.46045701039185
59;UT2;349.4364943073062;-0.05360105947981694;0.03002559298658315;0.1812274796278027;-0.005573191999999999;-0.009088172799999999;79000;7.714662532095468;0.0586086129683553;42.46164595070768;365.59937985118955;-0.05534239132166018;0.03100196131054757;0.18197168878240738;-0.06300551600000001;-0.006369033800000002;6000;7.732944186516091;0.05454803077564275;42.455268703250304
60;UT2;332.24320891777705;-0.07294863855301613;0.053362636257096766;0.18879553142857142;-0.02480441306;0.00721455578;519000;7.718830165048716;0.09260162359316743;42.17247153418537;400.0899045443541;-0.07665859871961017;0.056074258136271184;0.19379086316666666;-0.03993381906;0.01985715518;472000;7.742768026333581;0.08945533345555469;42.1921649452041
61;UT2;354.30112023274785;-0.0799080808142185;0.04621801356595797;0.18921569814166664;-0.09191360434;0.0026845441999999984;477000;7.743827891168871;0.08601774785442806;42.101052374827574;355.9395768096428;-0.0826878552266261;0.04782470779520869;0.192089261525862;-0.09191360434;0.0026845441999999984;450000;7.756497805146668;0.0825505918556238;42.10862227117869
62;UT2;374.27553144832433;-0.06668783478652872;0.06455525662524711;0.18606163596000003;-0.06553910660000001;-0.030824445329999995;445000;7.763294519790103;0.08803641966337943;42.029130366071314;392.86896010656017;-0.06866109459778698;0.06646457062066864;0.1880276931352941;-0.06553910660000001;-0.030824445329999995;421000;7.769303103076375;0.08310517073494814;42.035313684648756
63;UT2;370.249273168078;-0.06876425716986725;0.06773516760627876;0.18483200559030835;-0.0303304768;0.0223267157452;447000;7.759852271906731;0.09118048144015828;41.983889314596134;343.985825640625;-0.07174632308018265;0.06981915187725571;0.18613191849545452;-0.0303304768;0.0223267157452;392000;7.771872081219084;0.08578778045789855;41.980906590134815
64;UT2;696.2031001305942;-1.054276e-06;6.471123941999999e-05;0.06993464283333332;-1.054276e-06;6.471123941999999e-05;93000;7.804199169379321;0.2621381414529344;46.119109669054026;326.79124502946456;0.0841044361667209;-0.041248152699838815;0.11061131177941175;0.007641400400000001;-0.04590329802;554000;7.6879572151878595;0.14975521826461347;46.485919916712604
65;UT2;345.72337532380885;0.05057402945589437;0.007522112141324651;0.11262855478321679;-0.0420706262;-0.014315555660000001;188000;7.638347045138199;0.139141691873619;46.42684369247934;402.57439012506745;0.06313593006873054;-0.008353743167577343;0.11330258342156863;-0.0420706262;-0.014315555660000001;139000;7.661507843064669;0.13653540208381593;46.454916518250215
66;UT2;310.65355856997184;0.05897165065751667;0.005687751778971251;0.11118705360165974;0.015042616200000001;-0.0164554378;804000;7.635049446670164;0.12968472039262716;46.254020246697316;404.5012453857837;0.06608319145491405;-0.004552951505462211;0.11223530086333333;0.0114518053;-0.012105997799999999;765000;7.664221266889948;0.12769229433899315;46.30919310505431
67;UT2;344.63977131544164;0.04974505395899849;0.010802663706281244;0.11386991700283287;-0.18968132288200001;-0.01702111148;909000;7.631566500120395;0.11996261275381831;46.24909640049851;313.3270183211464;0.056518587097341734;0.002632654819009045;0.11430894989756099;-0.18968132288200001;-0.01702111148;880000;7.661252624005763;0.1192825835116301;46.286576411309504
68;UT2;402.9834898701677;-0.031455876738915325;0.009475360629725815;0.19341177735999995;0.0123287635072;-2.3319220000000003e-05;56000;7.725672960378998;0.09102021375805883;42.499929177323494;341.4225507167313;-0.032777598900163865;0.0098754122732437;0.19356210408333333;0.012344037738999999;5.6849962799999995e-05;988000;7.731603036807539;0.08168445052661993;42.50828879851506
69;UT2;394.78905410005984;-0.022871123799474022;0.015779993256939403;0.1888100183189655;0.027783399999999996;0.01130814102;907000;7.737141649938549;0.07408617428026634;42.495592259028165;383.4178177118268;-0.023481045116322218;0.01620181237681334;0.18884262818584072;0.027783399999999996;0.01130814102;886000;7.741174405655716;0.06745878399042671;42.502612668984845
70;UT2;329.1052570792664;-0.018514254507178477;0.023925702293331127;0.18510322722772277;0.01255092874724;-0.013399003331800002;626000;7.738601956150271;0.06998620114095909;42.45503815582362;406.8241869873643;-0.018953600185741357;0.024494228235288133;0.18497616358108107;0.00888418332088;-0.008766434853;588000;7.741066237436975;0.06350323468309868;42.461936143494135
71;UT2;353.86240158452836;-0.019235865423233182;0.019974910067784096;0.18684808371882083;-0.013569295759999999;-0.0225978994;162000;7.724967562904929;0.06850879653905052;42.41360293446912;350.17146020462604;-0.01959723264843449;0.02048854109563869;0.1873415523953488;-0.03333144276;-0.05089613489999999;108000;7.733043799080756;0.06262843179957074;42.4151888780614
72;UT5;384.60727738987214;-0.0025144236381159585;0.046640196570492766;0.19871149734285715;-0.00875718832;0.0248982128;583000;7.732564641594472;0.09484599460198022;52.92294306138883;407.6354407335678;-0.0021346091123880767;0.04733358345319404;0.20155710647058825;-0.004022388019999999;0.0189446647092;536000;7.756262995784536;0.09067860162586246;52.93946112098747
73;UT5;432.0749853554236;-0.011450640717973524;0.012656257324728469;0.1912796831842105;0.009897851999999999;-0.033212867459999997;673000;7.7351807579335885;0.09348797841458985;52.82253841579024;432.4358969568351;-0.011556371104380967;0.012680723424653054;0.19358771898648647;0.009897851999999999;-0.033212867459999997;645000;7.755302210817254;0.08608106745909579;52.83045316980953
74;UT5;531.227518850031;-0.008653256858178145;-0.022530074310228743;0.1897533337096774;-0.030969142779999997;-0.0167175702;814000;7.725931489349892;0.08847459821767079;52.72096413627454;429.310782878061;-0.008693979686307063;-0.023248743693927373;0.19212446630578514;-0.03545373008;-0.0165766771;774000;7.747749974338716;0.08217836933279132;52.731523381297954
75;UT5;446.52006867297695;-0.0053490652072689954;-0.03640930880124526;0.18887859219873818;3.16179264e-05;4.988301800000003e-06;561000;7.724130718806437;0.091268797048714;52.709093478483446;505.15792601038066;-0.005333978206883502;-0.037357153581888354;0.1909171535903226;3.16179264e-05;4.988301800000003e-06;536000;7.749118686653813;0.08393842635473017;52.715997929757116
76;UT5;380.1620381955568;-0.00446991420672034;0.017137485434796602;0.19555117183193277;-0.02096649742;0.09389183959999998;8000;7.663706949234088;0.02101589528588822;44.471018835438564;391.7336099078046;-0.004508118601649573;0.017283959669282044;0.1954470025254237;-0.02096649742;0.09389183959999998;976000;7.663056112324591;0.021137983630391755;44.46991405012818
77;UT5;389.6723261451376;-0.0037314973105462977;0.0008514254238379568;0.17368754828571425;-0.01881129116;0.057343622399999995;827000;7.6649756309678425;0.017323249740367495;44.535855295181875;419.8747748958729;-0.0037831809266572767;0.0008651626992910778;0.17401503531775697;-0.01881129116;0.057343622399999995;794000;7.663687023300828;0.016898050377460942;44.542398379585876
78;UT5;423.05069599708736;0.0010266766812043315;-0.010002343654066874;0.16556524631172842;-0.019114848051600002;-0.039429321;921000;7.6651411288743665;0.01682544674863033;44.4958043441563;438.2255808863399;0.001040133071250783;-0.010126599488600627;0.165723047078125;-0.019114848051600002;-0.039429321;892000;7.664251814128345;0.01645014367425871;44.49761539485147
79;UT5;373.62036439847606;-0.004602646132216903;-0.014580417901908572;0.16487355926840852;-0.011815598600000001;0.11662461660000001;824000;7.6638404448106945;0.017466179403238753;44.500624930692446;456.74749195775547;-0.004657651792364094;-0.014755849991256868;0.16493213558173075;-0.011815598600000001;0.11662461660000001;789000;7.663002854950119;0.016945907358061816;44.50155873494945
80;UT5;425.284786794342;0.06658883686788311;-0.0313852498439974;0.17104073393589742;0.038369222200000004;-0.22280199118119998;658000;7.807147008737239;0.11324294358434056;46.55958174129359;377.1485421476922;0.06658883686788311;-0.0313852498439974;0.17104073393589742;0.038369222200000004;-0.22280199118119998;629000;7.820953054313299;0.1073124315101343;46.56852737425041
81;UT5;456.73408869394126;0.03368364176719455;-0.0021661434099510186;0.16152624033783783;-5.269695640000001e-05;0.0377623959438;582000;7.780544616060625;0.09750174091877299;46.43226476518116;390.39568097928145;0.03368364176719455;-0.0021661434099510186;0.16152624033783783;-5.269695640000001e-05;0.0377623959438;563000;7.792269320905228;0.09242573415873755;46.43976994205196
82;UT5;493.6866490608542;0.018150845825883118;0.0012835834260181771;0.15434415844827584;-0.01908415571;0.06479855100000001;684000;7.781939029704523;0.09305494025310615;46.25879414654693;399.20637010995955;0.018316460707331877;0.001294793761616589;0.15488491747826086;-0.01908415571;0.06479855100000001;655000;7.801950166097545;0.08535461621699403;46.269153704832206
83;UT5;500.67817507609107;0.010340951491793749;-0.012146486578265002;0.15496916023364485;0.0029190948243999998;-0.0013735373132;723000;7.783812663432608;0.09220202306561028;46.35819430257384;430.9219900085384;0.01044406598637539;-0.01226126794817287;0.15553089907232703;0.0029190948243999998;-0.0013735373132;698000;7.805698314066704;0.0846048554803462;46.367973941667415
84;UT5;400.7970665995593;-0.005159638037703416;0.04652767678682896;0.2206773752207793;0.0178400821968;-0.00993779426;648000;7.86390816688053;0.19999014472271184;42.116316947058166;424.6923405074902;-0.005227505082206129;0.04714804581065335;0.22120744384210528;0.0178400821968;-0.00993779426;624000;7.913302252464532;0.1706033891629242;42.11203847563158
85;UT5;445.5207182546504;-0.020895245809742714;0.0013946752949661086;0.20156423366292134;0.009134358700000001;-0.00996371008;860000;7.79490399482861;0.15062915456249387;42.0283121365548;447.9623694895196;-0.021129421892139767;0.0014106144411942928;0.20211676836363637;0.009134358700000001;-0.00996371008;835000;7.833059607149509;0.12977815401610224;42.029343486213286
86;UT5;449.42405007658414;-0.023411440475776108;-0.010018286103408557;0.1902720891627907;0.04591368120000001;-0.056524062599999994;675000;7.777339152922926;0.14528861193160683;42.00075458152605;466.31737999886934;-0.02377838152203343;-0.010179690852079048;0.19123051938582675;0.04591368120000001;-0.056524062599999994;648000;7.819708588327841;0.12400307806211527;42.00087113210253
87;UT5;540.7299144789417;-0.032526802675962814;-0.016498559488850578;0.18898815724641835;0.12072901659999999;-0.18060718800000003;768000;7.7451586409967685;0.15085587435437897;42.01694933194835;452.2221609366905;-0.033770799029428325;-0.016028159968093845;0.19084968519298243;0.08126318678748;-0.13811797919740001;727000;7.789560305620275;0.13330707788223248;42.01471068407735
88;UT5;453.72792840588914;0.07011149237568999;-0.07040508401837142;0.17608396597183093;0.05163493899999999;0.149850134;554000;7.845413609592113;0.09712356407804956;38.092114827216356;426.66186689644525;0.07112655996432317;-0.07142544755486956;0.17736695819999995;0.05163493899999999;0.149850134;531000;7.858238914195888;0.08991840064195708;38.095031284775665
89;UT5;483.7755700859269;0.002399992562442532;-0.07236128199620152;0.16241104728888886;-0.064458287;0.0967152526;553000;7.8089075746464;0.08732455040834905;38.02080216271114;410.46975006080885;0.002401227657785267;-0.07498325158140312;0.16452489580000002;-0.0720394124;0.11638237359999999;482000;7.822479489442699;0.07797378470030224;38.02277543214472
90;UT5;502.28790083801306;-0.020158013487615423;-0.08665075366277611;0.16284217547029703;0.11252479782439999;-0.030558063699600003;561000;7.7998254782475565;0.07903034329147576;37.993808141319704;492.00158349358986;-0.0208389812642241;-0.08919604693706665;0.1643057313010204;0.11252479782439999;-0.030558063699600003;538000;7.811865652782843;0.07178056383447602;37.994515307629904
91;UT5;585.8086486568245;-0.025308065460323995;-0.07479934789988363;0.16548736428985505;-0.019656860199999997;0.0808265248;623000;7.789140656209643;0.07410590909280693;37.955440676748424;534.0983036722172;-0.026110633808985397;-0.0769520955759251;0.16713492374626868;-0.019653583415000002;0.06375383679999999;584000;7.802102571355268;0.0682221973915918;37.95906940429791
92;UT5;420.9571057356837;-0.11222248904393847;0.09756500948323076;0.22418301906060606;0.008255811;0.04067548856;548000;7.698129267600604;0.09013628667681786;52.12374456977639;380.0778479139373;-0.11222248904393847;0.09756500948323076;0.22418301906060606;0.008255811;0.04067548856;522000;7.7036208751109925;0.0874040973308216;52.12286677218476
93;UT5;418.5206058708663;-0.09892657200528585;0.03766197487144999;0.21899783411111112;0.043902321;0.0078085004;575000;7.727676243434234;0.10862994285369272;52.181971080610104;447.57290095386355;-0.09967038081735566;0.03794514761484435;0.2194322633208955;0.043902321;0.0078085004;554000;7.722988216723023;0.10332539479662517;52.18157595094716
94;UT5;465.192256980488;-0.08722620844962276;0.026537247375319692;0.2146221428241206;0.060276087;0.1524468846;561000;7.725340463570334;0.10631127724173145;52.21666623565947;431.6902867961391;-0.0876689810813467;0.02667195421478832;0.21489405102020198;0.060276087;0.1524468846;537000;7.72043605074652;0.10267081817372925;52.21573266190482
95;UT5;415.35504836770053;-0.0892468178707654;0.02103319367350304;0.2167260976590909;0.06347527554;-0.019051259400000003;513000;7.738961309717673;0.11220701568064798;52.25090224073847;464.46462275290673;-0.08993064496782106;0.0211944429911046;0.21700345588549616;0.06347527554;-0.019051259400000003;488000;7.733999988241797;0.1077076692279363;52.25107562701655
96;UT6;393.23856513050896;-0.017023799108573334;0.0015901660341999973;0.14289054333112586;0.028765793063;0.013721486400000005;274000;7.786364248063423;0.0749576404616993;34.90207253977928;286.2942024845938;-0.017137462896724836;0.00160053302043624;0.14279739528666668;0.028765793063;0.013721486400000005;243000;7.784183039508621;0.06445108013476604;34.90701496741867
97;UT6;371.3586237766939;-0.009756228952750003;0.001538859752819444;0.14132856234903046;-0.020053515023599998;-0.009130806200000003;776000;7.766767145320921;0.06628094234793075;34.82477826104371;324.84581093626946;-0.00978316024600557;0.0015430195708356525;0.14128541182777776;-0.020053515023599998;-0.009130806200000003;755000;7.767583952544374;0.06039338331888757;34.82613241914464
98;UT6;328.1532497973012;-0.007116073458151768;0.012391242617575257;0.13921569529253114;-7.5621827999999836e-06;0.0499153262;0;7.76205215494501;0.07510961896980574;34.84485196353949;377.90829906130676;-0.007145602168469729;0.012442885624151774;0.13938726394375;-7.5621827999999836e-06;0.0499153262;970000;7.765836312104831;0.06853435280374334;34.845989261109835
99;UT6;301.1664962149477;-0.008744423238333634;0.011565931614707693;0.13746161979066265;-0.050958902699999996;0.0654214184;504000;7.747485600461239;0.07094360324070251;34.7768330023097;415.495184581061;-0.008797366786557206;0.011634929024379665;0.13748663968636363;-0.050958902699999996;0.0654214184;478000;7.7557333472214065;0.0653266491418335;34.77764411967513
100;UT6;411.46836251306485;-0.020368629306875004;0.050326368262435334;0.1725995200858369;-0.0773774092;0.0413272154;963000;7.79546147184748;0.0830666728469851;47.087213258206695;268.3701339611256;-0.020456805191320346;0.05054423132850649;0.1731575470862069;-0.1023476032;0.0718654434;936000;7.798236622484684;0.07991676109327876;47.09210996921486
101;UT6;276.05660606435424;-0.024145291918359464;0.04434163991702972;0.15761324223450132;-0.039630370130599994;0.0125665946;135000;7.784069312128051;0.07812500819598601;47.06392151189021;423.895915630503;-0.02447560942476165;0.044951913727536985;0.15819137226229507;-0.039630370130599994;0.0125665946;99000;7.78941527762583;0.0750439194234839;47.060915008363146
102;UT6;408.36601833282185;-0.02369617001995732;0.04000075493294105;0.15632980254361054;-0.018759990964599998;-0.018063008079999998;29000;7.783576652926434;0.0748714845193544;47.00942446692059;310.00019962813974;-0.02393912747446407;0.040413579400938385;0.15675025006762294;-0.018759990964599998;-0.018063008079999998;12000;7.789445453493623;0.07192759290854957;47.0067772924659
103;UT6;404.0118902918498;-0.02646042183076731;0.041983873824349274;0.15987886522611464;-0.0428769454;-0.043519785479999996;137000;7.7794728383703085;0.07793784917425513;46.99014307607371;302.7338310696709;-0.026715819513906763;0.042391192639479866;0.16012862659324756;-0.0428769454;-0.043519785479999996;110000;7.786366585590322;0.07486789456979172;46.987483453604575
104;UT6;364.7313203535277;-0.06326941573697349;0.10273149995681062;0.15072977384962405;-0.0349557856;-0.011555178199999998;123000;7.7738640763570785;0.09476490538758017;44.17515798330458;322.3236685659657;-0.05151215593939256;0.06771658437933058;0.1544519530819672;-0.0407607394;-0.03456616419999999;995000;7.756811958002571;0.0700768697474221;44.177990225843644
105;UT6;305.7641148109006;-0.03859839748690354;0.06095660793098032;0.1443598708;0.10818660652180001;0.08417492979999999;7000;7.760768584014556;0.09691742999252481;44.144218698349235;383.82790213211393;-0.031627164415882716;0.04163015279863786;0.14593379265573772;0.10818660652180001;0.08417492979999999;983000;7.757069802243512;0.08303543196833577;44.14532646173877
106;UT6;285.11040403499834;-0.03752818010419049;0.054110836085295703;0.14090065066055046;1.2287559800000001e-05;-2.42504464e-05;597000;7.740892968352948;0.09253466168142192;44.10935014582718;428.5407995068848;-0.03231764488920799;0.03921196645324728;0.1417884442675159;1.2287559800000001e-05;-2.42504464e-05;562000;7.7442180656360255;0.08030978349366666;44.10891795655929
107;UT6;340.21443702727726;-0.04530235519694032;0.03917993611342197;0.13773628106546645;-0.028775987800000003;-0.02018395368;420000;7.725285737606766;0.07431441359948018;44.04966813628414;499.65341814408;-0.042883606469948904;0.03114794203074185;0.13832083988422816;-0.0287718391748;-0.020171507804;375000;7.730659889446401;0.06690835644173854;44.04864040298025
108;UT6;262.133819270101;-0.03664275486344254;0.09258259147519841;0.17529721432283463;-0.0119563813658;0.011715108375200001;64000;7.772700032533307;0.10076019526253421;43.47990082127879;410.32801836894697;-0.03693589690235008;0.093322559110568;0.17475880118253967;-0.0119563813658;0.011715108375200001;36000;7.792601789168775;0.09367236510091269;43.48164944616373
109;UT6;267.53587274556287;-0.035216525907506784;0.06081094789805882;0.16862745896206896;-0.06673172162;-0.04538233579999999;382000;7.7803884175662255;0.10919093820797544;43.44115731205227;398.6685726369883;-0.035461937237872686;0.061234415698554;0.16820534562152778;-0.06673172162;-0.04538233579999999;360000;7.795825279044581;0.10034269020261252;43.442278929241155
110;UT6;444.9042792332864;-0.04177278765769532;0.05281638807017011;0.16914014146788992;-0.160626491;-0.025029325400000003;202000;7.780026909883668;0.10804332589231608;43.47168386998628;249.68618436317936;-0.041965733559116536;0.05306014358769053;0.16886239198156683;-0.160626491;-0.025029325400000003;188000;7.794339956954669;0.10124581252407416;43.47302146958383
111;UT6;311.56810023991625;-0.03613598557365169;0.046563103523389264;0.16346532454130053;-0.0135411628292;-0.008933838772400001;167000;7.76417823620347;0.09766669870820541;43.44959447081453;366.50449218390344;-0.03645697424177293;0.04697628090271403;0.16318315428014185;-0.0135411628292;-0.008933838772400001;106000;7.7746175326421385;0.09226030756031729;43.450971434238355
112;UT6;260.1139521198769;-0.07118140264034811;0.00451805801266917;0.11592040731343281;-0.025372802299999997;-0.010594823265999998;126000;7.780539676711012;0.10756202752347127;40.14298731280166;417.7014715746162;-0.07118140264034811;0.00451805801266917;0.11592040731343281;-0.025372802299999997;-0.010594823265999998;97000;7.786639306919315;0.10508811830356714;40.14638931783381
113;UT6;250.45626049568023;-0.059730359105604196;0.015933886903648855;0.11063893931939164;-0.048615014866;-0.014340471890000001;53000;7.765177721423145;0.09226926657035049;39.976581243232644;431.81600548151283;-0.05995921105620038;0.01599493627875862;0.1104774803854962;-0.048615014866;-0.014340471890000001;32000;7.775408021070837;0.08940441979769878;39.97296158046597
114;UT6;258.1734273964168;-0.058899119301147156;0.022098315131134715;0.10785834398191214;-0.034013453798;-0.002212638642800001;21000;7.769153473569295;0.08783938276129412;40.006623284576385;424.1146552049604;-0.05905210402660468;0.022155713352254545;0.10774154906994819;-0.034013453798;-0.002212638642800001;5000;7.778895666567969;0.0845469946216065;40.00342041641128
115;UT6;330.14900064258865;-0.054971804178430915;0.020853692878450382;0.1086087831695238;-0.09678363;-0.0499663382266;200000;7.759244497286912;0.08132983789426132;39.99983085632885;440.3132959506561;-0.05550118709192254;0.021054477604447012;0.10795626577692309;-0.09678363;-0.0499663382266;139000;7.771107377502708;0.07872033434070498;39.99753310332168
116;UT6;372.2759833838137;-0.004128160155180984;0.00020035260985889797;0.12618365431097558;-0.1568326602;-0.052231227683999994;373000;7.813128987297563;0.09111011436822852;49.803412975753055;305.7387631404464;-0.004128160155180984;0.00020035260985889797;0.12618365431097558;-0.1568326602;-0.052231227683999994;351000;7.819689763196556;0.08669030605613365;49.80692740550764
117;UT6;324.69194798831785;-0.00349837298479288;-0.004471202085887239;0.13560738858284022;-0.027537635999999997;-0.0683282636;454000;7.82085600897076;0.08805689290783027;49.872331918624745;356.89433055929163;-0.00349837298479288;-0.004471202085887239;0.13560738858284022;-0.027537635999999997;-0.0683282636;429000;7.822375349532778;0.08362511910120819;49.87457783281109
118;UT6;371.56609657934337;-0.007716026584561815;-0.0036130788351020765;0.132549028345283;-0.1248314111988;-0.0158898624382;602000;7.820968680258619;0.08760943245140007;49.90929618545984;318.10625888419565;-0.007716026584561815;-0.0036130788351020765;0.132549028345283;-0.1248314111988;-0.0158898624382;583000;7.825273500839959;0.08343557892812815;49.91003033778421
119;UT6;374.10544207687155;-0.00838575795935877;-0.007927834800984617;0.13191772231490015;-0.024585634414;-0.029002291044;994000;7.822169193860867;0.08667842378193923;49.89614759405085;316.6647784299669;-0.008398679003980279;-0.007940050262927581;0.13184917942615382;-0.024585634414;-0.029002291044;971000;7.828545375926813;0.08216553940176374;49.8955594385033
120;UT4;330.3180148297461;0.0214292104115;-0.021523012640936003;0.19187675908730156;-0.0612191033654;0.19356451839999997;68000;7.594956704904634;0.0645538009111922;41.55180003843455;351.2494568163357;0.0214292104115;-0.021523012640936003;0.19187675908730156;-0.0612191033654;0.19356451839999997;42000;7.600935374451492;0.06435552960775306;41.55282635552527
121;UT4;284.46525053118535;0.04934062031835973;-0.04702398771238009;0.18106342602252254;-0.011319095352;0.004088013596000001;810000;7.595866617498922;0.06312993527236356;41.62176688933108;377.6890708657057;0.050249677135864056;-0.04789078932919816;0.18276669436238532;-0.007573604751999999;0.004111069666;761000;7.614360262384223;0.06000389572848106;41.61966457257956
122;UT4;367.5018327394981;0.025598253436125738;-0.02092224829413247;0.16354770732383422;0.006778579222399999;-0.025435247367999996;421000;7.59851534769095;0.060941363627036386;41.63793991740593;345.85196627593655;0.02656478744530838;-0.021712376875474393;0.16562303193817204;0.0103768188624;-0.032969184543999996;272000;7.616878938953481;0.058942482651272776;41.63877184047285
123;UT4;324.6821301109287;0.029648546634239166;-0.02886079797495538;0.16538859382995952;0.0021917296882;-0.013453784825200002;911000;7.611870747524558;0.06381975033827438;41.5876574690245;410.26171183576815;0.030643609566857247;-0.02982899198786793;0.16737223020502093;0.0121286236882;-0.0284589968252;874000;7.62873191967954;0.06150296130920254;41.58883326275405
124;UT4;417.3137107475138;0.06333667848095235;-0.03994920874155888;0.13442266412037035;0.026687749137759998;0.003277065532;921000;7.767065822712035;0.06759924902568389;33.427465869605065;306.7281907705478;0.06333667848095235;-0.03994920874155888;0.13442266412037035;0.026687749137759998;0.003277065532;894000;7.769944377809537;0.06519961901047269;33.43122143952123
125;UT4;307.7606047543064;0.09106657656517943;-0.05657388245436745;0.12470588912380952;0.08452833696092;0.06994816967999999;858000;7.760878598170296;0.06544466238686336;33.367167385030655;366.7516213100359;0.09194673975090097;-0.05712018086634202;0.12496229935576923;0.08452833696092;0.06994816967999999;829000;7.768533601907891;0.06199251888910547;33.36673099249195
126;UT4;315.12208918679437;0.08828991205153953;-0.07055280366839557;0.11378316691470587;0.029366733248799997;-0.013704782462000001;108000;7.751343090829007;0.05971405071777683;33.33319195832205;356.13306018147557;0.08934486554850717;-0.07139549439888389;0.11401728018154761;0.029366733248799997;-0.013704782462000001;80000;7.759335615239491;0.055609099892866845;33.334792191706114
127;UT4;353.3564814218887;0.08425951762015081;-0.07974702746283469;0.11125011728054297;0.016606309216000002;0.011453500598999999;854000;7.745498385831825;0.061533790200477285;33.30935813190619;340.0218383020457;0.0854223433681345;-0.08084648594615196;0.11151286843577982;0.016606309216000002;0.011453500598999999;819000;7.754971715930614;0.05678570982142092;33.31195190522474
128;UT4;318.39041118096964;0.06596055960181983;0.029822644327432434;0.14975490981250003;-0.0261847789196;0.027871247319799997;955000;7.634381715641168;0.08157730144153688;57.97229703214872;333.3365332151429;0.06596055960181983;0.029822644327432434;0.14975490981250003;-0.0261847789196;0.027871247319799997;928000;7.638445464212405;0.07843877940995064;57.97247072639811
129;UT4;316.5863547466474;0.08589129319636851;-0.0017871769344370025;0.15056092858208955;-1.89662904e-05;0.018293126982000002;737000;7.659183572004461;0.08109294556210153;57.871880531498654;372.50382200629775;0.08632290773504372;-0.0017961577230522661;0.15070589005;-1.89662904e-05;0.018293126982000002;712000;7.665368843066623;0.07719618707281095;57.87254024730753
130;UT4;299.0687976092618;0.10071874937267025;-0.016966712687534257;0.15095335514827585;0.0235643056678;0.0080980474262;763000;7.662302290089708;0.07708706801031696;57.703186018604626;390.0486065355573;0.10213288790846212;-0.017204743381047015;0.15202249566083914;0.033055288941;0.0081325702822;715000;7.672194673239984;0.07320881572177003;57.70985205333444
131;UT4;293.9714141484678;0.10377419133057189;-0.009029168403996255;0.1498992203995327;0.02355181821792;0.008646150657;135000;7.666301996978785;0.08009685429295049;57.63413925209275;450.1721592686115;0.10525352537616198;-0.009157905954810926;0.1507387873507109;0.02355181821792;0.008646150657;108000;7.674189804570645;0.07670971191051161;57.63492831475581
132;UT4;412.09787616163464;0.04559709029785236;0.0775297719515839;0.17918955260666666;-0.1331465934366;-0.1487811731726;270000;7.590039231576965;0.05443991398234921;41.61584584977335;312.6563972003291;0.048505222550306135;0.08092745116180954;0.17986222527702703;-0.0658989716626;-0.0799013131726;227000;7.587920467129307;0.05320238069922596;41.613083616836526
133;UT4;377.9660750328923;0.050934798592539805;0.06086599359809525;0.17777335731525426;0.002228930936;0.0522824404514;210000;7.591438610699111;0.04492377576098158;41.66244442533442;506.3853547747999;0.05261557404371718;0.0626769808173196;0.17856568356849314;0.002228930936;0.0522824404514;187000;7.590143815793829;0.044199466641466297;41.663432880524354
134;UT4;511.3354383084764;0.04279072833277482;0.06247964002467917;0.17697263547342995;3.8137972000000024e-06;0.0422016971462;995000;7.590090514475226;0.040245403642979745;41.715865526093054;384.35236100098496;0.04403147203411003;0.06393273992712102;0.1778192359682927;3.8137972000000024e-06;0.0422016971462;977000;7.588890723648584;0.039543008657392374;41.7169303993155
135;UT4;517.5868808564318;0.035457838561417994;0.06462149340269424;0.17740698805745062;0.0030663032843;0.0249603616;207000;7.588252467298967;0.04072210653046189;41.69799761962471;376.98992610521105;0.03638950770759238;0.06583298625652813;0.17817562901992753;0.0030663032843;0.0249603616;184000;7.586488009300271;0.040128462229694;41.698931314605524
136;UT4;379.30976782137367;-0.006714580599963341;-0.015745709802666666;0.2230984834615385;0.040153127976;0.016089460879;761000;7.58114729212815;0.07816828579438945;52.93985270706999;365.4454106894352;-0.006788309658389892;-0.015921610852359547;0.2247058957777778;0.040153127976;0.016089460879;732000;7.594228398647213;0.07177475560338971;52.94608879802915
137;UT4;370.33205969594763;0.03111309150096715;-0.024686295055833335;0.1996939398487805;0.1443130699986;-0.070712444616;934000;7.591821887113595;0.07151658469802058;52.97399434686816;413.6698813974859;0.031576701726354725;-0.025055820838855717;0.20100952635643568;0.1443130699986;-0.070712444616;904000;7.60107067789999;0.06706806181117264;52.97436775464286
138;UT4;328.6661836714267;0.06320302367169352;-0.047134254065151086;0.18434184819354837;0.027200832659;0.012707893399999998;629000;7.585087988680183;0.07751451992814028;53.003352716311056;371.8582044892295;0.06483500723812102;-0.04835254032225831;0.18677913472058824;0.0517965490636;0.0362441612;570000;7.594482603662149;0.07201300671259908;53.00203931777967
139;UT4;304.5962926164539;0.07490233792610833;-0.06281809317980226;0.1780502721943662;0.05452876259999999;-0.029149876571;650000;7.580774064896654;0.07604720685706108;53.02330175959367;365.66592521283684;0.07730459600924883;-0.06483247692329447;0.18059736523546513;0.09453713536;-0.055507988370999996;601000;7.593366659428067;0.07006025787790626;53.02341416205727
140;UT4;298.13192328258043;0.11046830317581083;-0.07834844972554866;0.17056210040000003;0.059603590829800004;0.028400062519200003;600000;7.730929566226742;0.11918542934088415;46.40364888198193;389.764151170538;0.11197944985013697;-0.07942158130156986;0.17090620918918922;0.059603590829800004;0.028400062519200003;571000;7.745408589668864;0.11533742866832725;46.404696613571495
141;UT4;302.12556800388296;0.0841150957273566;-0.12260371048125443;0.16235867408759125;0.041643577294;-0.0075821265788;531000;7.694930253630108;0.10346984675179846;46.36061963641018;417.8442867153385;0.08732557408897328;-0.12728111701603514;0.16348782742424245;0.041643577294;-0.0075821265788;485000;7.714287804127245;0.09728230192953194;46.378241679381375
142;UT4;290.88713105917896;0.09531626433008034;-0.09976177346781026;0.15681268895744685;-7.6170604e-06;4.97596956e-05;850000;7.681249620063245;0.09457230202933474;46.29468048731017;361.6020791121263;0.09912932710324356;-0.10375356221936712;0.15825091741150443;-1.3380878000000002e-05;5.74447856e-05;779000;7.699161915915565;0.08807111433370375;46.31764566042137
143;UT4;319.43893288677265;0.08317825704694368;-0.08499557818048449;0.15449183161031518;0.023785767619000003;0.0231370361536;922000;7.685460854771386;0.08683268880625786;46.274041456633555;402.22973689795737;0.08538680294196872;-0.08725297260973039;0.1553863960647059;0.023785767619000003;0.0231370361536;903000;7.698179260541484;0.08137682106952032;46.28828332740795
